Question,Answer
 1. What was the event that took place in the year 2015 involving leaders from 193 countries?," The event that took place in the year 2015 involving leaders from 193 countries was the creation of a plan called the Sustainable Development Goals (SDGs). This plan was created to address global issues such as poverty, hunger, health, education, gender equality, and climate change, among others. The SDGs aim to achieve these goals by 2030."
2. What is the name of the plan created by these leaders to address global issues?, The plan created by leaders from 193 countries to address global issues is called the Sustainable Development Goals (SDGs).
3. How many goals does this plan consist of?," This plan consists of 17 goals, known as the Sustainable Development Goals (SDGs)."
4. What is the goal of the first SDG?," The first Sustainable Development Goal (SDG) is ""End poverty in all its forms everywhere"". This goal aims to eradicate extreme poverty and ensure that all people, regardless of their gender, age, or location, have the means to live a life of dignity and opportunity."
5. What is the goal of the second SDG?," The second Sustainable Development Goal (SDG) is ""End Hunger, Achieve Food Security and Improved Nutrition and Promote Sustainable Agriculture"". This goal aims to end hunger and malnutrition worldwide, promote sustainable agriculture, and support small farmers."
6. What is the goal of the third SDG?," The third Sustainable Development Goal (SDG) is ""Ensure healthy lives and promote well-being for all at all ages."" This goal aims to ensure universal access to sexual and reproductive health care services, maternal health, and end preventable deaths of newborns and children under 5 years old, among other things. It also seeks to combat HIV, AIDS, malaria, and other diseases."
7. What is the goal of the fourth SDG?," The fourth Sustainable Development Goal (SDG) is to ""Ensure inclusive and equitable quality education and promote lifelong learning opportunities for all."" This goal aims to provide quality education for all, regardless of gender, income, or location, and to promote lifelong learning opportunities for all people. It includes targets for ensuring that all girls and boys complete free, equitable, and quality primary and secondary education, and that equal access to affordable vocational training is provided. The goal also aims to increase the number of youth and adults who have relevant skills, including technical and vocational skills, for employment, decent jobs, and entrepreneurship."
8. What is the goal of the fifth SDG?," The fifth Sustainable Development Goal (SDG) is to ""Ensure healthy lives and promote well-being for all at all ages."" This goal aims to ensure universal access to sexual and reproductive health care services, maternal health, and end preventable deaths of newborns and children under 5 years old, among other things. It also includes targets to combat HIV, AIDS, tuberculosis, malaria, and other diseases."
9. What is the goal of the sixth SDG?," The sixth Sustainable Development Goal (SDG) is ""Ensure access to affordable, reliable, sustainable and modern energy for all."" This goal aims to ensure that everyone, everywhere has access to energy that is affordable, reliable, sustainable, and modern, to support economic growth, social development, and environmental protection."
10. What is the goal of the seventh SDG?," The seventh Sustainable Development Goal (SDG) is ""Ensure access to affordable, reliable, sustainable and modern energy for all."" This goal aims to ensure that everyone, everywhere, has access to energy that is affordable, reliable, sustainable, and modern, which will help to improve living standards, promote economic growth, and protect the environment."
11. What is the goal of the eighth SDG?," The eighth Sustainable Development Goal (SDG) is to ""Make cities and human settlements inclusive, safe, resilient and sustainable."" This goal aims to ensure that cities are planned and developed in a way that is inclusive, safe, and sustainable for all, with a focus on providing affordable housing, upgrading slum settlements, and creating green spaces. It also emphasizes the importance of involving a broader range of people in urban planning decisions to make cities more livable for everyone."
12. What is the goal of the ninth SDG?," The ninth Sustainable Development Goal (SDG) is ""Build resilient infrastructure, promote inclusive and sustainable industrialization and foster innovation"". This goal aims to promote sustainable industrialization and technological progress, while ensuring access to affordable, reliable, sustainable, and modern energy for all. It also focuses on bridging the digital divide, promoting sustainable industries, and investing in scientific research and innovation to facilitate sustainable development."
13. What is the goal of the tenth SDG?," The tenth Sustainable Development Goal (SDG) is to ""Build resilient infrastructure, promote inclusive and sustainable industrialization and foster innovation"". This goal aims to promote sustainable industrialization and technological progress, while ensuring access to affordable, reliable, sustainable, and modern energy for all. It also includes targets for improving infrastructure, promoting sustainable industries, and investing in scientific research and innovation to facilitate sustainable development."
14. What is the goal of the eleventh SDG?," The eleventh Sustainable Development Goal (SDG) is to ""Make cities and human settlements inclusive, safe, resilient and sustainable."" This goal aims to ensure that cities are planned and developed in a way that is inclusive, safe, and sustainable for all, with a focus on providing affordable housing, upgrading slum settlements, investing in public transport, creating green spaces, and involving a broader range of people in urban planning decisions."
15. What is the goal of the twelfth SDG?," The twelfth Sustainable Development Goal (SDG) is ""Conserve and sustainably use the oceans, seas and marine resources for sustainable development."" This goal aims to prevent and reduce marine pollution, sustainably manage fisheries, and conserve and sustainably use marine and coastal ecosystems."
16. What is the goal of the thirteenth SDG?," The thirteenth Sustainable Development Goal (SDG) is ""Promote Peaceful and Inclusive Societies for Sustainable Development, Provide Access to Justice for All and Build Effective, Accountable and Inclusive Institutions at All Levels."" This goal aims to reduce all forms of violence, find lasting solutions to conflict and insecurity, strengthen the rule of law, reduce the flow of illicit arms, and bring developing countries more into the center of institutions of global governance."
17. What is the goal of the fourteenth SDG?," The fourteenth Sustainable Development Goal (SDG) is to ""Promote peaceful and inclusive societies for sustainable development, provide access to justice for all and build effective, accountable and inclusive institutions at all levels."" This goal aims to reduce all forms of violence, find lasting solutions to conflict and insecurity, and strengthen the rule of law. It also includes reducing the flow of illicit arms and bringing developing countries more into the center of institutions of global governance."
18. What is the goal of the fifteenth SDG?," The fifteenth Sustainable Development Goal (SDG) is ""Promote Peaceful and Inclusive Societies for Sustainable Development, Provide Access to Justice for All and Build Effective, Accountable and Inclusive Institutions at All Levels."" This goal aims to reduce all forms of violence, find lasting solutions to conflict and insecurity, strengthen the rule of law, reduce the flow of illicit arms, and bring developing countries more into the center of institutions of global governance."
19. What is the goal of the sixteenth SDG?," The sixteenth Sustainable Development Goal (SDG) is ""Promote Peaceful and Inclusive Societies for Sustainable Development, Provide Access to Justice for All and Build Effective, Accountable and Inclusive Institutions at All Levels."" This goal aims to reduce all forms of violence, find lasting solutions to conflict and insecurity, strengthen the rule of law, reduce the flow of illicit arms, and bring developing countries more into the center of institutions of global governance."
20. What is the goal of the seventeenth SDG?," The seventeenth SDG is to ""Strengthen the means of implementation and revitalize the global partnership for sustainable development."" This goal focuses on ensuring that the resources, technology, and international cooperation are in place to achieve all the other Sustainable Development Goals by 2030."
21. What is the goal of the eighteenth SDG?," The eighteenth Sustainable Development Goal (SDG) is to ""Strengthen the means of implementation and revitalize the global partnership for sustainable development."" This goal aims to ensure that the resources, technology, and international cooperation are in place to achieve all the other SDGs by 2030."
22. What is the goal of the nineteenth SDG?," The nineteenth Sustainable Development Goal (SDG) is to ""Build resilient infrastructure, promote inclusive and sustainable industrialization and foster innovation"". This goal aims to promote sustainable industrialization and technological progress, while ensuring access to affordable, reliable, sustainable, and modern energy for all. It also includes targets for increasing the access to financial services, upgrading infrastructure and retrofitting industries to make them sustainable, and increasing the number of research and development investments in clean and renewable energy technologies."
23. What is the goal of the twentieth SDG?," The twentieth Sustainable Development Goal (SDG) is to ""Build resilient infrastructure, promote inclusive and sustainable industrialization and foster innovation."" This goal aims to promote sustainable industrialization and foster innovation, including through increased access to financial services and markets for small-scale industrial and other enterprises. It also seeks to increase the access of small-scale industrial and other enterprises to markets, particularly in developing countries, and to technological know-how, and to foster a culture of innovation. Additionally, it aims to enhance scientific research and upgrade the technological capabilities of industrial sectors in developing countries."
24. What is the goal of the twenty-first SDG?," The twenty-first Sustainable Development Goal (SDG) is to ""Build resilient infrastructure, promote inclusive and sustainable industrialization, and foster innovation."" This goal aims to promote sustainable and inclusive economic growth, create jobs, and bridge the digital divide by investing in innovation and infrastructure. It also encourages sustainable industries and scientific research and innovation to facilitate sustainable development."
25. What is the goal of the twenty-second SDG?," The twenty-second Sustainable Development Goal (SDG) is to ""Promote sustained, inclusive and sustainable economic growth, full and productive employment and decent work for all."" This goal aims to ensure that everyone, especially the most vulnerable, has access to quality jobs that provide fair wages and decent working conditions. It also seeks to eradicate forced labor, modern slavery, and human trafficking."
26. What is the goal of the twenty-third SDG?," The twenty-third Sustainable Development Goal (SDG) is to ""Build resilient infrastructure, promote inclusive and sustainable industrialization, and foster innovation."" This goal aims to promote sustainable and inclusive economic growth, create jobs, and bridge the digital divide by investing in innovation and infrastructure. It also encourages sustainable industries and scientific research and innovation to facilitate sustainable development."
27. What is the goal of the twenty-fourth SDG?," The twenty-fourth Sustainable Development Goal (SDG) is ""Promote peaceful and inclusive societies for sustainable development, provide access to justice for all and build effective, accountable and inclusive institutions at all levels."" This goal aims to reduce all forms of violence and propose that governments and communities find lasting solutions to conflict and insecurity. It also includes strengthening the rule of law, reducing the flow of illicit arms, and bringing developing countries more into the center of institutions of global governance."
28. What is the goal of the twenty-fifth SDG?," The twenty-fifth Sustainable Development Goal (SDG) is ""Promote peaceful and inclusive societies for sustainable development, provide access to justice for all and build effective, accountable and inclusive institutions at all levels."" This goal aims to reduce all forms of violence, find lasting solutions to conflict and insecurity, and strengthen the rule of law. It also includes reducing the flow of illicit arms and bringing developing countries more into the center of institutions of global governance."
29. What is the goal of the twenty-sixth SDG?," The twenty-sixth Sustainable Development Goal (SDG) is ""Promote Peaceful and Inclusive Societies for Sustainable Development, Provide Access to Justice for All and Build Effective, Accountable and Inclusive Institutions at All Levels."" This goal aims to reduce all forms of violence and propose that governments and communities find lasting solutions to conflict and insecurity. It also includes strengthening the rule of law, reducing the flow of illicit arms, and bringing developing countries more into the center of institutions of global governance."
30. What is the goal of the twenty-seventh SDG?," The twenty-seventh Sustainable Development Goal (SDG) is ""Ensure universal access to sexual and reproductive health and reproductive rights."" This goal aims to ensure universal access to sexual and reproductive health services, including for family planning, information, and education. It also aims to end gender-based violence and harmful practices, such as child, early, and forced marriage and female genital mutilation."
31. What is the goal of the twenty-eighth SDG?," The twenty-eighth Sustainable Development Goal (SDG) is ""Make cities and human settlements inclusive, safe, resilient and sustainable."" This goal aims to make cities more inclusive, safe, and resilient for all, addressing issues such as affordable housing, upgrading slum settlements, and improving public transportation and green spaces. The goal also emphasizes the importance of involving a broader range of people in urban planning decisions to ensure that cities are sustainable for all."
32. What is the goal of the twenty-ninth SDG?," The twenty-ninth Sustainable Development Goal (SDG) is ""Build resilient infrastructure, promote inclusive and sustainable industrialization and foster innovation."" This goal aims to promote sustainable industrialization and foster innovation, including through diversifying and upgrading industries, increasing access to financial services for small-scale industrial and other enterprises, and enhancing the availability and affordability of industrial loans. It also aims to promote sustainable tourism that creates jobs and promotes local culture and products. Additionally, this goal seeks to increase the access of small-scale industrial and other enterprises to markets, including through the implementation of policies that promote competition and trade, and to encourage entrepreneurship, creativity and innovation."
